<?xml version="1.0" encoding="UTF-8"?>
<beans xmlns="http://www.springframework.org/schema/beans"
       xmlns:xsi="http://www.w3.org/2001/XMLSchema-instance"
       xsi:schemaLocation="http://www.springframework.org/schema/beans 
       https://www.springframework.org/schema/beans/spring-beans.xsd">

    <!-- Individual Countries -->
    <bean id="country1" class="com.cognizant.spring_learn_1.Country">
        <property name="code" value="IN"/>
        <property name="name" value="India"/>
    </bean>

    <bean id="country2" class="com.cognizant.spring_learn_1.Country">
        <property name="code" value="US"/>
        <property name="name" value="United States"/>
    </bean>

    <bean id="country3" class="com.cognizant.spring_learn_1.Country">
        <property name="code" value="JP"/>
        <property name="name" value="Japan"/>
    </bean>

    <bean id="country4" class="com.cognizant.spring_learn_1.Country">
        <property name="code" value="DE"/>
        <property name="name" value="Germany"/>
    </bean>

    <!-- List of countries -->
    <bean id="countryList" class="java.util.ArrayList">
        <constructor-arg>
            <list>
                <ref bean="country1"/>
                <ref bean="country2"/>
                <ref bean="country3"/>
                <ref bean="country4"/>
            </list>
        </constructor-arg>
    </bean>

</beans>
